"sound.files","selec","duration","meanfreq","sd","median","Q25","Q75","IQR","skew","kurt","sp.ent","sfm","mode","centroid","peakf","meanfun","minfun","maxfun","meandom","mindom","maxdom","dfrange","modindx"
"output.wav","0",20,0.18969013886343,0.057458551072474,0.214613180515759,0.130171919770774,0.240687679083095,0.110515759312321,1.77747462546228,5.9627320486328,0.889390151467922,0.232829749159128,0.124154727793696,0.18969013886343,0,0.11855475448622,0.043108504398827,0.279113924050633,0.462812224911972,0,2.260986328125,2.260986328125,0.105188343994314
