"sound.files","selec","duration","meanfreq","sd","median","Q25","Q75","IQR","skew","kurt","sp.ent","sfm","mode","centroid","peakf","meanfun","minfun","maxfun","meandom","mindom","maxdom","dfrange","modindx"
"output.wav","0",20,0.185454820940052,0.0646354891053123,0.138395415472779,0.12676217765043,0.252922636103152,0.126160458452722,2.75413834942173,11.4442917311356,0.835299944249024,0.159869432404771,0.126160458452722,0.185454820940052,0,0.121157761780988,0.043108504398827,0.272222222222222,1.06320190429688,0,12.74765625,12.74765625,0.0553410553410553
