"sound.files","selec","duration","meanfreq","sd","median","Q25","Q75","IQR","skew","kurt","sp.ent","sfm","mode","centroid","peakf","meanfun","minfun","maxfun","meandom","mindom","maxdom","dfrange","modindx"
"output.wav","0",20,0.16907125064921,0.0591545406521631,0.166275071633238,0.126361031518625,0.213209169054441,0.0868481375358166,0.934204684606249,3.45970173969237,0.953706827613754,0.623046758863194,0.135587392550143,0.16907125064921,0,0.107852824895292,0.0435340572556762,0.277358490566038,0.421319464917453,0,2.519384765625,2.519384765625,0.132030932030932
